{
  "metrics": {
    "accuracy": 0.9281409364858599,
    "precision": 0.8920407363885625,
    "recall": 0.9499732620320856,
    "f1_score": 0.9200598908421654
  },
  "robustness": {
    "num_samples": 1000,
    "clean_accuracy": 0.928,
    "fgsm": {
      "epsilon": 0.1,
      "adversarial_accuracy": 0.658,
      "attack_success_rate": 0.342
    },
    "pgd": {
      "epsilon": 0.1,
      "step_size": 0.01,
      "max_iter": 40,
      "adversarial_accuracy": 0.452,
      "attack_success_rate": 0.548
    }
  },
  "fidelity": {
    "fidelity_score": 0.4839653894491494,
    "faithfulness_ratio": 0.895,
    "top_features": [
      "P101",
      "LIT101",
      "FIT201",
      "LIT401",
      "LIT301"
    ]
  },
  "training_history": {
    "round": [
      1,
      2,
      3,
      4,
      5,
      6,
      7,
      8,
      9,
      10,
      11,
      12,
      13,
      14,
      15,
      16,
      17,
      18,
      19,
      20
    ],
    "val_loss": [
      0.8076462450728978,
      0.8067541820817634,
      0.7032761881163934,
      0.5212490639957758,
      0.4234354648030425,
      0.39870384802057096,
      0.3813370731510274,
      0.40418173795762563,
      0.3841032171669413,
      0.41163056491055383,
      0.3618381426436071,
      0.37848865614665417,
      0.3858883546182019,
      0.3879748515737534,
      0.349909618139967,
      0.3873177509950055,
      0.41826665829772136,
      0.3905554677000961,
      0.375856901915507,
      0.4014243319632926
    ],
    "val_accuracy": [
      0.7698964611342914,
      0.7698964611342914,
      0.7698964611342914,
      0.833256065523103,
      0.8817802503477051,
      0.9006335960438882,
      0.9112965538556638,
      0.9142327306444136,
      0.9201050842219132,
      0.9190233348786896,
      0.9262865090403338,
      0.9272137227630969,
      0.9275227940040179,
      0.9272137227630969,
      0.9318497913769124,
      0.9299953639313862,
      0.9279864008653995,
      0.9303044351723072,
      0.9321588626178334,
      0.9281409364858599
    ],
    "client_losses": [
      [
        0.7768670125668791,
        0.7733856551286553,
        0.7705358613438967
      ],
      [
        0.8064634768902754,
        0.7772345829911592,
        0.7764515951901925
      ],
      [
        0.7478154288119628,
        0.7402818843597123,
        0.747218563827146
      ],
      [
        0.5805650210681081,
        0.5783089733925186,
        0.5837334691225982
      ],
      [
        0.4343950984858665,
        0.4190250153802022,
        0.4367580116296015
      ],
      [
        0.38441385554165397,
        0.37925457403439433,
        0.38737945327488316
      ],
      [
        0.3783690498907025,
        0.36566960167985,
        0.37578175289540733
      ],
      [
        0.38275435634520877,
        0.37124167102224687,
        0.3739207200768615
      ],
      [
        0.3793336953811285,
        0.3632979348740157,
        0.3804011160210401
      ],
      [
        0.3824105125264961,
        0.36576186913151704,
        0.38045148286624114
      ],
      [
        0.3864617552389117,
        0.37311796662436814,
        0.3858323079823446
      ],
      [
        0.38595760670028817,
        0.3719905949315103,
        0.3826497601235614
      ],
      [
        0.3851052839340282,
        0.36801412651362286,
        0.38817052042283934
      ],
      [
        0.4039085658783672,
        0.3742735861604955,
        0.3879054787905276
      ],
      [
        0.3997784276218975,
        0.3830208617536461,
        0.3962097069545954
      ],
      [
        0.4084086959727672,
        0.38607270253055237,
        0.3947444787045487
      ],
      [
        0.3986389157964903,
        0.3874056389234459,
        0.40185176358253016
      ],
      [
        0.39804666682201273,
        0.39409930720972286,
        0.4000288594232387
      ],
      [
        0.4050983800858009,
        0.3967998468825797,
        0.40795834261704894
      ],
      [
        0.4030894111998442,
        0.3781488297867174,
        0.41009937380792716
      ]
    ]
  }
}